{
    "RMSE": 2549964.625207717,
    "R2_Score": 0.8649603866311006
}